{
  "timestamp": "2026-02-21T17:31:29.256506",
  "total_pineapples": 11,
  "pineapple_reports": {
    "01": {
      "distribution": {
        "0": 3602,
        "1": 1799,
        "2": 5399
      },
      "entropy": 0.9205955111560794,
      "issues": [],
      "status": "PASS"
    },
    "02": {
      "distribution": {
        "0": 3600,
        "1": 3600,
        "2": 3600,
        "3": 3600
      },
      "entropy": 0.9999999997114609,
      "issues": [],
      "status": "PASS"
    },
    "03": {
      "distribution": {
        "0": 2700,
        "1": 2700,
        "2": 4496,
        "3": 904
      },
      "entropy": 0.9129348802082031,
      "issues": [],
      "status": "PASS"
    },
    "04": {
      "distribution": {
        "0": 5397,
        "1": 3,
        "2": 3601,
        "3": 1799
      },
      "entropy": 0.731229866792173,
      "issues": [],
      "status": "PASS"
    },
    "05": {
      "distribution": {
        "0": 2250,
        "1": 2250,
        "2": 2250,
        "3": 2250
      },
      "entropy": 0.9999999997114609,
      "issues": [],
      "status": "PASS"
    },
    "06": {
      "distribution": {
        "0": 2024,
        "1": 2025,
        "2": 2025,
        "3": 2025
      },
      "entropy": 0.9999999832143172,
      "issues": [],
      "status": "PASS"
    },
    "07": {
      "distribution": {
        "0": 3603,
        "1": 1795,
        "2": 4500
      },
      "entropy": 0.942873853053009,
      "issues": [],
      "status": "PASS"
    },
    "08": {
      "distribution": {
        "0": 3602,
        "1": 1797,
        "2": 2701,
        "3": 1800
      },
      "entropy": 0.967999223592105,
      "issues": [],
      "status": "PASS"
    },
    "09": {
      "distribution": {
        "0": 2475,
        "1": 2475,
        "2": 2475,
        "3": 2475
      },
      "entropy": 0.9999999997114609,
      "issues": [],
      "status": "PASS"
    },
    "10": {
      "distribution": {
        "0": 1800,
        "1": 1800,
        "2": 1800,
        "3": 1800
      },
      "entropy": 0.9999999997114609,
      "issues": [],
      "status": "PASS"
    },
    "11": {
      "distribution": {
        "0": 1800,
        "1": 1800,
        "2": 1800,
        "3": 1801
      },
      "entropy": 0.9999999788468648,
      "issues": [],
      "status": "PASS"
    }
  },
  "overall_status": "PASS"
}