target_window_sec,n_samples,n_valid_pids,mean_acc,std_acc,mean_macro_f1,min_acc,max_acc,vs_full_day
5,140,11,51.56926406926408,12.0346612320179,34.11523241068695,33.33333333333333,71.42857142857143,-34.09090909090908
8,140,11,51.24458874458875,15.11920643100656,33.57651187196641,33.33333333333333,83.33333333333334,-34.41558441558441
10,140,11,77.81385281385282,17.439360492605076,70.03793344702434,50.0,100.0,-7.84632034632034
12,140,11,66.2878787878788,28.098852314572397,59.36387686387686,0.0,100.0,-19.372294372294363
15,140,11,72.88961038961041,20.56234335395818,63.77552582098036,37.5,100.0,-12.770562770562748
20,140,11,65.09740259740259,28.825387308202615,54.8413245004154,0.0,100.0,-20.562770562770567
30,140,11,65.09740259740259,28.825387308202615,56.3420460011369,0.0,100.0,-20.562770562770567
45,140,11,67.91125541125541,30.415395413847474,58.27566793475884,0.0,100.0,-17.748917748917748
60,140,11,66.82900432900432,29.607925171487476,58.57629323538415,0.0,100.0,-18.83116883116884
