target_window_sec,n_samples,n_valid_pids,mean_acc,std_acc,mean_macro_f1,min_acc,max_acc,vs_full_day
5,140,11,61.68831168831169,17.032307855329872,46.9973544973545,33.33333333333333,85.71428571428571,-23.971861471861466
10,140,11,66.34199134199135,17.904633164566846,56.12980453889544,42.857142857142854,100.0,-19.318181818181813
15,140,11,67.09956709956711,19.424522693171546,56.64696414696415,42.857142857142854,100.0,-18.560606060606048
20,140,11,67.42424242424244,21.115270550009654,56.6296077659714,33.33333333333333,100.0,-18.235930735930722
30,140,11,74.02597402597402,19.467889123394574,62.95288045288046,42.857142857142854,100.0,-11.634199134199136
45,140,11,75.86580086580086,17.45278778169975,67.3977873977874,50.0,100.0,-9.794372294372295
60,140,11,74.78354978354979,16.933684953380215,66.8994893994894,50.0,100.0,-10.876623376623371
