window_sec,n_samples,n_valid_pids,mean_acc,std_acc,mean_macro_f1,min_acc,max_acc,vs_full_day
5,140,11,61.14718614718615,15.697491413311138,46.54280904280904,33.33333333333333,85.71428571428571,-24.51298701298701
10,140,11,67.09956709956711,19.09674891784656,57.70808736717827,42.857142857142854,100.0,-18.560606060606048
15,140,11,71.53679653679652,18.291644183121136,64.00506900506899,50.0,100.0,-14.123376623376643
30,140,11,73.05194805194806,15.974113961676514,64.57264957264957,50.0,100.0,-12.6082251082251
60,140,11,74.35064935064936,17.119419677299728,68.18968909878,50.0,100.0,-11.309523809523796
120,140,11,76.24458874458875,22.118601645346523,70.53090428090427,33.33333333333333,100.0,-9.415584415584405
