window_sec,n_samples,n_valid_pids,mean_acc,std_acc,min_acc,max_acc,vs_full_day
5,144,10,68.53479853479854,17.504175728512024,42.857142857142854,100.0,-18.502747252747255
10,144,10,80.73717948717949,19.823713057450473,42.857142857142854,100.0,-6.300366300366306
15,144,10,76.3919413919414,29.245987619949737,0.0,100.0,-10.645604395604394
30,144,10,83.53479853479854,19.132568038203303,50.0,100.0,-3.5027472527472554
60,144,10,77.9441391941392,19.477421908675776,50.0,100.0,-9.093406593406598
120,144,10,76.6941391941392,19.053176580756656,50.0,100.0,-10.343406593406598
